Timestamp,LoopCnt,LoopTime(ms),AvgLoopTime(ms),IrCnt,IrTime(ms),AvgIrTime(ms),IR1,IR2,IR3,IR4,IR5,T1,T2,T3,T4,T5
14:33:55.625,52244,25,25.00,26123,52,52.00,0,0,0,0,0,1,1,1,1,1
14:33:55.676,52246,26,25.50,26124,52,52.00,0,0,0,0,0,1,1,1,1,1
14:33:55.727,52248,25,25.33,26125,52,52.00,0,0,0,0,0,1,1,1,1,1
14:33:55.778,52250,25,25.25,26126,52,52.00,0,0,0,0,0,1,1,1,1,1
14:33:55.829,52252,26,25.40,26127,53,52.20,0,0,0,0,0,1,1,1,1,1
14:33:55.880,52254,26,25.50,26128,52,52.17,0,0,0,0,0,1,1,1,1,1
14:33:55.931,52256,26,25.57,26129,52,52.14,0,0,0,0,0,1,1,1,1,1
14:33:55.982,52258,25,25.50,26130,52,52.12,0,0,0,0,0,1,1,1,1,1
14:33:56.034,52260,24,25.33,26131,51,52.00,0,0,0,0,0,1,1,1,1,1
14:33:56.086,52262,26,25.40,26132,53,52.10,0,0,0,0,0,1,1,1,1,1
14:33:56.137,52264,26,25.45,26133,52,52.09,0,0,0,0,0,1,1,1,1,1
14:33:56.188,52266,25,25.42,26134,52,52.08,0,0,0,0,0,1,1,1,1,1
14:33:56.238,52268,25,25.38,26135,52,52.08,0,0,0,0,0,1,1,1,1,1
14:33:56.289,52270,26,25.43,26136,53,52.14,0,0,0,0,0,1,1,1,1,1
14:33:56.340,52272,26,25.47,26137,52,52.13,0,0,0,0,0,1,1,1,1,1
14:33:56.391,52274,25,25.44,26138,51,52.06,0,0,0,0,0,1,1,1,1,1
14:33:56.441,52276,25,25.41,26139,52,52.06,0,0,0,0,0,1,1,1,1,1
14:33:56.492,52278,25,25.39,26140,52,52.06,0,0,0,0,0,1,1,1,1,1
14:33:56.543,52280,26,25.42,26141,53,52.11,0,0,0,0,0,1,1,1,1,1
14:33:56.593,52282,26,25.45,26142,52,52.10,0,0,0,0,0,1,1,1,1,1
14:33:56.695,52284,25,25.43,26143,52,52.10,0,0,0,0,0,1,1,1,1,1
14:33:56.695,52286,25,25.41,26144,52,52.09,0,0,0,0,0,1,1,1,1,1
14:33:56.797,52288,25,25.39,26145,52,52.09,0,0,0,0,0,1,1,1,1,1
14:33:56.798,52290,26,25.42,26146,52,52.08,0,0,0,0,0,1,1,1,1,1
14:33:56.899,52292,26,25.44,26147,52,52.08,0,0,0,0,0,1,1,1,1,1
14:33:56.950,52294,25,25.42,26148,52,52.08,0,0,0,0,0,1,1,1,1,1
14:33:57.001,52296,25,25.41,26149,52,52.07,0,0,0,0,0,1,1,1,1,1
14:33:57.051,52298,26,25.43,26150,53,52.11,0,0,0,0,0,1,1,1,1,1
14:33:57.102,52300,26,25.45,26151,52,52.10,0,0,0,0,0,1,1,1,1,1
14:33:57.153,52302,25,25.43,26152,51,52.07,0,0,0,0,0,1,1,1,1,1
14:33:57.204,52304,25,25.42,26153,52,52.06,0,0,0,0,0,1,1,1,1,1
14:33:57.255,52306,26,25.44,26154,53,52.09,0,0,0,0,0,1,1,1,1,1
14:33:57.306,52308,26,25.45,26155,52,52.09,0,0,0,0,0,1,1,1,1,1
14:33:57.357,52310,26,25.47,26156,52,52.09,0,0,0,0,0,1,1,1,1,1
14:33:57.408,52312,25,25.46,26157,52,52.09,0,0,0,0,0,1,1,1,1,1
14:33:57.459,52314,25,25.44,26158,52,52.08,0,0,0,0,0,1,1,1,1,1
14:33:57.509,52316,25,25.43,26159,52,52.08,0,0,0,0,0,1,1,1,1,1
14:33:57.560,52318,26,25.45,26160,52,52.08,0,0,0,0,0,1,1,1,1,1
14:33:57.610,52320,26,25.46,26161,52,52.08,0,0,0,0,0,1,1,1,1,1
14:33:57.661,52322,25,25.45,26162,52,52.08,0,0,0,0,0,1,1,1,1,1
14:33:57.713,52324,26,25.46,26163,53,52.10,0,0,0,0,0,1,1,1,1,1
14:33:57.764,52326,26,25.48,26164,52,52.10,0,0,0,0,0,1,1,1,1,1
14:33:57.815,52328,26,25.49,26165,52,52.09,0,0,0,0,0,1,1,1,1,1
14:33:57.866,52330,24,25.45,26166,51,52.07,0,0,0,0,0,1,1,1,1,1
14:33:57.917,52332,24,25.42,26167,52,52.07,0,0,0,0,0,1,1,1,1,1
14:33:57.968,52334,26,25.43,26168,53,52.09,0,0,0,0,0,1,1,1,1,1
14:33:58.019,52336,26,25.45,26169,52,52.09,0,0,0,0,0,1,1,1,1,1
14:33:58.070,52338,26,25.46,26170,52,52.08,0,0,0,0,0,1,1,1,1,1
14:33:58.120,52340,25,25.45,26171,52,52.08,0,0,0,0,0,1,1,1,1,1
14:33:58.171,52342,26,25.46,26172,53,52.10,0,0,0,0,0,1,1,1,1,1
14:33:58.222,52344,25,25.45,26173,51,52.08,0,0,0,0,0,1,1,1,1,1
14:33:58.273,52346,25,25.44,26174,52,52.08,0,0,0,0,0,1,1,1,1,1
14:33:58.324,52348,25,25.43,26175,52,52.08,0,0,0,0,0,1,1,1,1,1
14:33:58.374,52350,25,25.43,26176,52,52.07,0,0,0,0,0,1,1,1,1,1
14:33:58.425,52352,26,25.44,26177,53,52.09,0,0,0,0,0,1,1,1,1,1
14:33:58.476,52354,26,25.45,26178,52,52.09,0,0,0,0,0,1,1,1,1,1
14:33:58.577,52356,26,25.46,26179,52,52.09,0,0,0,0,0,1,1,1,1,1
14:33:58.577,52358,24,25.43,26180,51,52.07,0,0,0,0,0,1,1,1,1,1
14:33:58.627,52360,24,25.41,26181,52,52.07,0,0,0,0,0,1,1,1,1,1
14:33:58.678,52362,26,25.42,26182,53,52.08,0,0,0,0,0,1,1,1,1,1
14:33:58.729,52364,26,25.43,26183,52,52.08,0,0,0,0,0,1,1,1,1,1
14:33:58.781,52366,25,25.42,26184,52,52.08,0,0,0,0,0,1,1,1,1,1
14:33:58.882,52368,25,25.41,26185,52,52.08,0,0,0,0,0,1,1,1,1,1
14:33:58.883,52370,26,25.42,26186,53,52.09,0,0,0,0,0,1,1,1,1,1
14:33:58.984,52372,25,25.42,26187,51,52.08,0,0,0,0,0,1,1,1,1,1
14:33:58.984,52374,25,25.41,26188,52,52.08,0,0,0,0,0,1,1,1,1,1
14:33:59.086,52376,25,25.40,26189,52,52.07,0,0,0,0,0,1,1,1,1,1
14:33:59.137,52378,25,25.40,26190,52,52.07,0,0,0,0,0,1,1,1,1,1
14:33:59.188,52380,26,25.41,26191,53,52.09,0,0,0,0,0,1,1,1,1,1
14:33:59.239,52382,26,25.41,26192,52,52.09,0,0,0,0,0,1,1,1,1,1
14:33:59.290,52384,25,25.41,26193,52,52.08,0,0,0,0,0,1,1,1,1,1
14:33:59.341,52386,24,25.39,26194,51,52.07,0,0,0,0,0,1,1,1,1,1
14:33:59.392,52388,25,25.38,26195,53,52.08,0,0,0,0,0,1,1,1,1,1
14:33:59.442,52390,26,25.39,26196,52,52.08,0,0,0,0,0,1,1,1,1,1
14:33:59.494,52392,26,25.40,26197,52,52.08,0,0,0,0,0,1,1,1,1,1
14:33:59.544,52394,25,25.39,26198,52,52.08,0,0,0,0,0,1,1,1,1,1
14:33:59.596,52396,25,25.39,26199,52,52.08,0,0,0,0,0,1,1,1,1,1
14:33:59.647,52398,26,25.40,26200,53,52.09,0,0,0,0,0,1,1,1,1,1
14:33:59.698,52400,26,25.41,26201,52,52.09,0,0,0,0,0,1,1,1,1,1
14:33:59.749,52402,24,25.39,26202,51,52.08,0,0,0,0,0,1,1,1,1,1
14:33:59.800,52404,25,25.38,26203,52,52.07,0,0,0,0,0,1,1,1,1,1
14:33:59.851,52406,26,25.39,26204,53,52.09,0,0,0,0,0,1,1,1,1,1
14:33:59.902,52408,26,25.40,26205,52,52.08,0,0,0,0,0,1,1,1,1,1
14:33:59.953,52410,26,25.40,26206,52,52.08,0,0,0,0,0,1,1,1,1,1
14:34:00.054,52412,25,25.40,26207,52,52.08,0,0,0,0,0,1,1,1,1,1
14:34:00.055,52414,25,25.40,26208,52,52.08,0,0,0,0,0,1,1,1,1,1
14:34:00.105,52416,25,25.39,26209,52,52.08,0,0,0,0,0,1,1,1,1,1
14:34:00.157,52418,26,25.40,26210,52,52.08,0,0,0,0,0,1,1,1,1,1
14:34:00.207,52420,26,25.40,26211,52,52.08,0,0,0,0,0,1,1,1,1,1
14:34:00.258,52422,25,25.40,26212,52,52.08,0,0,0,0,0,1,1,1,1,1
14:34:00.309,52424,26,25.41,26213,53,52.09,0,0,0,0,0,1,1,1,1,1
14:34:00.360,52426,26,25.41,26214,52,52.09,0,0,0,0,0,1,1,1,1,1
14:34:00.411,52428,26,25.42,26215,52,52.09,0,0,0,0,0,1,1,1,1,1
14:34:00.462,52430,24,25.40,26216,51,52.07,0,0,0,0,0,1,1,1,1,1
14:34:00.513,52432,25,25.40,26217,52,52.07,0,0,0,0,0,1,1,1,1,1
14:34:00.564,52434,26,25.41,26218,53,52.08,0,0,0,0,0,1,1,1,1,1
14:34:00.615,52436,26,25.41,26219,52,52.08,0,0,0,0,0,1,1,1,1,1
14:34:00.667,52438,26,25.42,26220,52,52.08,0,0,0,0,0,1,1,1,1,1
14:34:00.718,52440,25,25.41,26221,52,52.08,0,0,0,0,0,1,1,1,1,1
14:34:00.769,52442,26,25.42,26222,53,52.09,0,0,0,0,0,1,1,1,1,1
14:34:00.870,52444,25,25.42,26223,51,52.08,0,0,0,0,0,1,1,1,1,1
14:34:00.870,52446,26,25.42,26224,52,52.08,0,0,0,0,0,1,1,1,1,1
14:34:00.921,52448,25,25.42,26225,52,52.08,0,0,0,0,0,1,1,1,1,1
14:34:00.972,52450,25,25.41,26226,52,52.08,0,0,0,0,0,1,1,1,1,1
14:34:01.073,52452,26,25.42,26227,53,52.09,0,0,0,0,0,1,1,1,1,1
14:34:01.074,52454,26,25.42,26228,52,52.08,0,0,0,0,0,1,1,1,1,1
14:34:01.175,52456,26,25.43,26229,52,52.08,0,0,0,0,0,1,1,1,1,1
14:34:01.175,52458,25,25.43,26230,52,52.08,0,0,0,0,0,1,1,1,1,1
14:34:01.276,52460,25,25.42,26231,52,52.08,0,0,0,0,0,1,1,1,1,1
14:34:01.327,52462,26,25.43,26232,52,52.08,0,0,0,0,0,1,1,1,1,1
14:34:01.378,52464,26,25.43,26233,52,52.08,0,0,0,0,0,1,1,1,1,1
14:34:01.429,52466,25,25.43,26234,52,52.08,0,0,0,0,0,1,1,1,1,1
14:34:01.480,52468,25,25.42,26235,52,52.08,0,0,0,0,0,1,1,1,1,1
14:34:01.531,52470,26,25.43,26236,53,52.09,0,0,0,0,0,1,1,1,1,1
14:34:01.582,52472,26,25.43,26237,52,52.09,0,0,0,0,0,1,1,1,1,1
14:34:01.633,52474,25,25.43,26238,51,52.08,0,0,0,0,0,1,1,1,1,1
14:34:01.684,52476,25,25.43,26239,52,52.08,0,0,0,0,0,1,1,1,1,1
14:34:01.735,52478,25,25.42,26240,52,52.08,0,0,0,0,0,1,1,1,1,1
14:34:01.786,52480,26,25.43,26241,53,52.08,0,0,0,0,0,1,1,1,1,1
14:34:01.837,52482,26,25.43,26242,52,52.08,0,0,0,0,0,1,1,1,1,1
14:34:01.888,52484,25,25.43,26243,52,52.08,0,0,0,0,0,1,1,1,1,1
14:34:01.939,52486,25,25.43,26244,52,52.08,0,0,0,0,0,1,1,1,1,1
14:34:01.991,52488,25,25.42,26245,52,52.08,0,0,0,0,0,1,1,1,1,1
14:34:02.041,52490,25,25.42,26246,52,52.08,0,0,0,0,0,1,1,1,1,1
14:34:02.092,52492,26,25.42,26247,52,52.08,0,0,0,0,0,1,1,1,1,1
14:34:02.143,52494,25,25.42,26248,52,52.08,0,0,0,0,0,1,1,1,1,1
14:34:02.194,52496,25,25.42,26249,52,52.08,0,0,0,0,0,1,1,1,1,1
14:34:02.245,52498,26,25.42,26250,53,52.09,0,0,0,0,0,1,1,1,1,1
14:34:02.296,52500,26,25.43,26251,52,52.09,0,0,0,0,0,1,1,1,1,1
14:34:02.347,52502,25,25.42,26252,52,52.08,0,0,0,0,0,1,1,1,1,1
14:34:02.398,52504,24,25.41,26253,51,52.08,0,0,0,0,0,1,1,1,1,1
14:34:02.449,52506,26,25.42,26254,53,52.08,0,0,0,0,0,1,1,1,1,1
14:34:02.500,52508,26,25.42,26255,52,52.08,0,0,0,0,0,1,1,1,1,1
14:34:02.551,52510,26,25.43,26256,52,52.08,0,0,0,0,0,1,1,1,1,1
14:34:02.603,52512,25,25.42,26257,52,52.08,0,0,0,0,0,1,1,1,1,1
14:34:02.654,52514,25,25.42,26258,52,52.08,0,0,0,0,0,1,1,1,1,1
14:34:02.705,52516,26,25.42,26259,53,52.09,0,0,0,0,0,1,1,1,1,1
14:34:02.756,52518,25,25.42,26260,51,52.08,0,0,0,0,0,1,1,1,1,1
14:34:02.807,52520,24,25.41,26261,52,52.08,0,0,0,0,0,1,1,1,1,1
14:34:02.858,52522,25,25.41,26262,52,52.08,0,0,0,0,0,1,1,1,1,1
14:34:02.909,52524,26,25.41,26263,53,52.09,0,0,0,0,0,1,1,1,1,1
14:34:02.960,52526,26,25.42,26264,52,52.08,0,0,0,0,0,1,1,1,1,1
14:34:03.011,52528,26,25.42,26265,52,52.08,0,0,0,0,0,1,1,1,1,1
14:34:03.063,52530,25,25.42,26266,52,52.08,0,0,0,0,0,1,1,1,1,1
14:34:03.164,52532,24,25.41,26267,51,52.08,0,0,0,0,0,1,1,1,1,1
14:34:03.216,52534,25,25.40,26268,53,52.08,0,0,0,0,0,1,1,1,1,1
14:34:03.216,52536,26,25.41,26269,52,52.08,0,0,0,0,0,1,1,1,1,1
14:34:03.267,52538,25,25.41,26270,52,52.08,0,0,0,0,0,1,1,1,1,1
14:34:03.369,52540,25,25.40,26271,52,52.08,0,0,0,0,0,1,1,1,1,1
14:34:03.369,52542,26,25.41,26272,53,52.09,0,0,0,0,0,1,1,1,1,1
14:34:03.471,52544,26,25.41,26273,52,52.09,0,0,0,0,0,1,1,1,1,1
14:34:03.522,52546,25,25.41,26274,51,52.08,0,0,0,0,0,1,1,1,1,1
14:34:03.573,52548,24,25.40,26275,52,52.08,0,0,0,0,0,1,1,1,1,1
14:34:03.573,52550,25,25.40,26276,52,52.08,0,0,0,0,0,1,1,1,1,1
14:34:03.675,52552,26,25.40,26277,53,52.08,0,0,0,0,0,1,1,1,1,1
14:34:03.726,52554,26,25.40,26278,52,52.08,0,0,0,0,0,1,1,1,1,1
14:34:03.726,52556,25,25.40,26279,52,52.08,0,0,0,0,0,1,1,1,1,1
14:34:03.828,52558,25,25.40,26280,52,52.08,0,0,0,0,0,1,1,1,1,1
14:34:03.829,52560,25,25.40,26281,52,52.08,0,0,0,0,0,1,1,1,1,1
14:34:03.930,52562,25,25.39,26282,52,52.08,0,0,0,0,0,1,1,1,1,1
14:34:03.981,52564,26,25.40,26283,52,52.08,0,0,0,0,0,1,1,1,1,1
14:34:04.032,52566,25,25.40,26284,52,52.08,0,0,0,0,0,1,1,1,1,1
14:34:04.083,52568,25,25.39,26285,52,52.08,0,0,0,0,0,1,1,1,1,1
14:34:04.135,52570,26,25.40,26286,53,52.09,0,0,0,0,0,1,1,1,1,1
14:34:04.186,52572,26,25.40,26287,52,52.08,0,0,0,0,0,1,1,1,1,1
14:34:04.236,52574,25,25.40,26288,52,52.08,0,0,0,0,0,1,1,1,1,1
14:34:04.288,52576,24,25.39,26289,51,52.08,0,0,0,0,0,1,1,1,1,1
14:34:04.339,52578,26,25.39,26290,53,52.08,0,0,0,0,0,1,1,1,1,1
14:34:04.390,52580,26,25.40,26291,52,52.08,0,0,0,0,0,1,1,1,1,1
14:34:04.441,52582,26,25.40,26292,52,52.08,0,0,0,0,0,1,1,1,1,1
14:34:04.492,52584,25,25.40,26293,52,52.08,0,0,0,0,0,1,1,1,1,1
14:34:04.543,52586,25,25.40,26294,52,52.08,0,0,0,0,0,1,1,1,1,1
14:34:04.594,52588,26,25.40,26295,53,52.09,0,0,0,0,0,1,1,1,1,1
14:34:04.645,52590,25,25.40,26296,51,52.08,0,0,0,0,0,1,1,1,1,1
14:34:04.696,52592,26,25.40,26297,52,52.08,0,0,0,0,0,1,1,1,1,1
14:34:04.747,52594,25,25.40,26298,52,52.08,0,0,0,0,0,1,1,1,1,1
14:34:04.798,52596,26,25.40,26299,53,52.08,0,0,0,0,0,1,1,1,1,1
14:34:04.850,52598,26,25.40,26300,52,52.08,0,0,0,0,0,1,1,1,1,1
14:34:04.901,52600,26,25.41,26301,52,52.08,0,0,0,0,0,1,1,1,1,1
14:34:04.952,52602,25,25.41,26302,52,52.08,0,0,0,0,0,1,1,1,1,1
14:34:05.003,52604,24,25.40,26303,51,52.08,0,0,0,0,0,1,1,1,1,1
14:34:05.054,52606,26,25.40,26304,53,52.08,0,0,0,0,0,1,1,1,1,1
14:34:05.105,52608,26,25.40,26305,52,52.08,0,0,0,0,0,1,1,1,1,1
14:34:05.156,52610,26,25.41,26306,52,52.08,0,0,0,0,0,1,1,1,1,1
14:34:05.208,52612,25,25.41,26307,52,52.08,0,0,0,0,0,1,1,1,1,1
14:34:05.259,52614,26,25.41,26308,53,52.09,0,0,0,0,0,1,1,1,1,1
14:34:05.361,52616,26,25.41,26309,52,52.09,0,0,0,0,0,1,1,1,1,1
14:34:05.361,52618,25,25.41,26310,51,52.08,0,0,0,0,0,1,1,1,1,1
14:34:05.412,52620,24,25.40,26311,52,52.08,0,0,0,0,0,1,1,1,1,1
14:34:05.463,52622,25,25.40,26312,52,52.08,0,0,0,0,0,1,1,1,1,1
14:34:05.514,52624,26,25.40,26313,53,52.08,0,0,0,0,0,1,1,1,1,1
14:34:05.616,52626,26,25.41,26314,52,52.08,0,0,0,0,0,1,1,1,1,1
14:34:05.617,52628,26,25.41,26315,52,52.08,0,0,0,0,0,1,1,1,1,1
14:34:05.718,52630,25,25.41,26316,52,52.08,0,0,0,0,0,1,1,1,1,1
14:34:05.718,52632,26,25.41,26317,53,52.09,0,0,0,0,0,1,1,1,1,1
14:34:05.769,52634,25,25.41,26318,51,52.08,0,0,0,0,0,1,1,1,1,1
14:34:05.820,52636,26,25.41,26319,52,52.08,0,0,0,0,0,1,1,1,1,1
14:34:05.871,52638,25,25.41,26320,52,52.08,0,0,0,0,0,1,1,1,1,1
14:34:05.921,52640,25,25.41,26321,52,52.08,0,0,0,0,0,1,1,1,1,1
14:34:06.023,52642,26,25.41,26322,53,52.09,0,0,0,0,0,1,1,1,1,1
14:34:06.023,52644,26,25.41,26323,52,52.08,0,0,0,0,0,1,1,1,1,1
14:34:06.125,52646,26,25.42,26324,52,52.08,0,0,0,0,0,1,1,1,1,1
14:34:06.126,52648,24,25.41,26325,51,52.08,0,0,0,0,0,1,1,1,1,1
14:34:06.227,52650,25,25.41,26326,52,52.08,0,0,0,0,0,1,1,1,1,1
14:34:06.279,52652,26,25.41,26327,53,52.08,0,0,0,0,0,1,1,1,1,1
14:34:06.330,52654,26,25.41,26328,52,52.08,0,0,0,0,0,1,1,1,1,1
14:34:06.381,52656,25,25.41,26329,52,52.08,0,0,0,0,0,1,1,1,1,1
14:34:06.432,52658,25,25.41,26330,52,52.08,0,0,0,0,0,1,1,1,1,1
14:34:06.483,52660,26,25.41,26331,53,52.09,0,0,0,0,0,1,1,1,1,1
14:34:06.535,52662,25,25.41,26332,51,52.08,0,0,0,0,0,1,1,1,1,1
14:34:06.586,52664,26,25.41,26333,52,52.08,0,0,0,0,0,1,1,1,1,1
14:34:06.637,52666,25,25.41,26334,52,52.08,0,0,0,0,0,1,1,1,1,1
14:34:06.688,52668,25,25.41,26335,52,52.08,0,0,0,0,0,1,1,1,1,1
14:34:06.739,52670,26,25.41,26336,53,52.08,0,0,0,0,0,1,1,1,1,1
14:34:06.790,52672,26,25.41,26337,52,52.08,0,0,0,0,0,1,1,1,1,1
14:34:06.841,52674,25,25.41,26338,52,52.08,0,0,0,0,0,1,1,1,1,1
14:34:06.892,52676,24,25.41,26339,51,52.08,0,0,0,0,0,1,1,1,1,1
14:34:06.943,52678,25,25.40,26340,53,52.08,0,0,0,0,0,1,1,1,1,1
14:34:06.994,52680,26,25.41,26341,52,52.08,0,0,0,0,0,1,1,1,1,1
14:34:07.046,52682,26,25.41,26342,52,52.08,0,0,0,0,0,1,1,1,1,1
14:34:07.097,52684,25,25.41,26343,52,52.08,0,0,0,0,0,1,1,1,1,1
14:34:07.148,52686,25,25.41,26344,52,52.08,0,0,0,0,0,1,1,1,1,1
14:34:07.199,52688,26,25.41,26345,53,52.09,0,0,0,0,0,1,1,1,1,1
14:34:07.250,52690,26,25.41,26346,52,52.08,0,0,0,0,0,1,1,1,1,1
14:34:07.301,52692,24,25.40,26347,51,52.08,0,0,0,0,0,1,1,1,1,1
14:34:07.352,52694,25,25.40,26348,52,52.08,0,0,0,0,0,1,1,1,1,1
14:34:07.403,52696,26,25.41,26349,53,52.08,0,0,0,0,0,1,1,1,1,1
14:34:07.454,52698,26,25.41,26350,52,52.08,0,0,0,0,0,1,1,1,1,1
14:34:07.507,52700,26,25.41,26351,52,52.08,0,0,0,0,0,1,1,1,1,1
14:34:07.558,52702,25,25.41,26352,52,52.08,0,0,0,0,0,1,1,1,1,1
14:34:07.609,52704,25,25.41,26353,52,52.08,0,0,0,0,0,1,1,1,1,1
14:34:07.661,52706,25,25.41,26354,52,52.08,0,0,0,0,0,1,1,1,1,1
14:34:07.762,52708,26,25.41,26355,52,52.08,0,0,0,0,0,1,1,1,1,1
14:34:07.763,52710,26,25.41,26356,52,52.08,0,0,0,0,0,1,1,1,1,1
14:34:07.814,52712,25,25.41,26357,52,52.08,0,0,0,0,0,1,1,1,1,1
14:34:07.865,52714,26,25.41,26358,53,52.08,0,0,0,0,0,1,1,1,1,1
14:34:07.916,52716,26,25.41,26359,52,52.08,0,0,0,0,0,1,1,1,1,1
14:34:07.967,52718,26,25.42,26360,52,52.08,0,0,0,0,0,1,1,1,1,1
14:34:08.018,52720,24,25.41,26361,51,52.08,0,0,0,0,0,1,1,1,1,1
14:34:08.069,52722,25,25.41,26362,52,52.08,0,0,0,0,0,1,1,1,1,1
14:34:08.120,52724,26,25.41,26363,53,52.08,0,0,0,0,0,1,1,1,1,1
14:34:08.171,52726,26,25.41,26364,52,52.08,0,0,0,0,0,1,1,1,1,1
14:34:08.222,52728,26,25.42,26365,52,52.08,0,0,0,0,0,1,1,1,1,1
14:34:08.273,52730,25,25.41,26366,52,52.08,0,0,0,0,0,1,1,1,1,1
14:34:08.324,52732,26,25.42,26367,53,52.09,0,0,0,0,0,1,1,1,1,1
14:34:08.375,52734,25,25.41,26368,51,52.08,0,0,0,0,0,1,1,1,1,1
14:34:08.426,52736,25,25.41,26369,52,52.08,0,0,0,0,0,1,1,1,1,1
14:34:08.528,52738,25,25.41,26370,52,52.08,0,0,0,0,0,1,1,1,1,1
14:34:08.528,52740,25,25.41,26371,52,52.08,0,0,0,0,0,1,1,1,1,1
14:34:08.630,52742,26,25.41,26372,53,52.08,0,0,0,0,0,1,1,1,1,1
14:34:08.682,52744,26,25.41,26373,52,52.08,0,0,0,0,0,1,1,1,1,1
14:34:08.735,52746,26,25.42,26374,52,52.08,0,0,0,0,0,1,1,1,1,1
14:34:08.786,52748,24,25.41,26375,51,52.08,0,0,0,0,0,1,1,1,1,1
14:34:08.837,52750,25,25.41,26376,53,52.08,0,0,0,0,0,1,1,1,1,1
14:34:08.889,52752,26,25.41,26377,52,52.08,0,0,0,0,0,1,1,1,1,1
14:34:08.940,52754,26,25.41,26378,52,52.08,0,0,0,0,0,1,1,1,1,1
14:34:08.991,52756,25,25.41,26379,52,52.08,0,0,0,0,0,1,1,1,1,1
14:34:09.042,52758,25,25.41,26380,52,52.08,0,0,0,0,0,1,1,1,1,1
14:34:09.094,52760,26,25.41,26381,53,52.08,0,0,0,0,0,1,1,1,1,1
14:34:09.094,52762,26,25.42,26382,52,52.08,0,0,0,0,0,1,1,1,1,1
14:34:09.196,52764,25,25.41,26383,51,52.08,0,0,0,0,0,1,1,1,1,1
14:34:09.247,52766,25,25.41,26384,52,52.08,0,0,0,0,0,1,1,1,1,1
14:34:09.297,52768,25,25.41,26385,52,52.08,0,0,0,0,0,1,1,1,1,1
14:34:09.348,52770,26,25.41,26386,53,52.08,0,0,0,0,0,1,1,1,1,1
14:34:09.400,52772,26,25.42,26387,52,52.08,0,0,0,0,0,1,1,1,1,1
14:34:09.451,52774,25,25.41,26388,52,52.08,0,0,0,0,0,1,1,1,1,1
14:34:09.501,52776,25,25.41,26389,52,52.08,0,0,0,0,0,1,1,1,1,1
14:34:09.553,52778,25,25.41,26390,52,52.08,0,0,0,0,0,1,1,1,1,1
14:34:09.604,52780,26,25.41,26391,52,52.08,0,0,0,0,0,1,1,1,1,1
14:34:09.655,52782,26,25.41,26392,52,52.08,0,0,0,0,0,1,1,1,1,1
14:34:09.706,52784,25,25.41,26393,52,52.08,0,0,0,0,0,1,1,1,1,1
14:34:09.757,52786,25,25.41,26394,52,52.08,0,0,0,0,0,1,1,1,1,1
14:34:09.808,52788,26,25.41,26395,53,52.08,0,0,0,0,0,1,1,1,1,1
14:34:09.859,52790,26,25.42,26396,52,52.08,0,0,0,0,0,1,1,1,1,1
14:34:09.910,52792,24,25.41,26397,51,52.08,0,0,0,0,0,1,1,1,1,1
14:34:09.962,52794,25,25.41,26398,52,52.08,0,0,0,0,0,1,1,1,1,1
14:34:10.013,52796,26,25.41,26399,53,52.08,0,0,0,0,0,1,1,1,1,1
14:34:10.064,52798,26,25.41,26400,52,52.08,0,0,0,0,0,1,1,1,1,1
14:34:10.115,52800,26,25.42,26401,52,52.08,0,0,0,0,0,1,1,1,1,1
14:34:10.166,52802,25,25.41,26402,52,52.08,0,0,0,0,0,1,1,1,1,1
14:34:10.217,52804,25,25.41,26403,52,52.08,0,0,0,0,0,1,1,1,1,1
14:34:10.269,52806,25,25.41,26404,52,52.08,0,0,0,0,0,1,1,1,1,1
14:34:10.320,52808,25,25.41,26405,52,52.08,0,0,0,0,0,1,1,1,1,1
14:34:10.370,52810,25,25.41,26406,52,52.08,0,0,0,0,0,1,1,1,1,1
14:34:10.422,52812,25,25.41,26407,52,52.08,0,0,0,0,0,1,1,1,1,1
14:34:10.473,52814,26,25.41,26408,53,52.08,0,0,0,0,0,1,1,1,1,1
14:34:10.575,52816,26,25.41,26409,52,52.08,0,0,0,0,0,1,1,1,1,1
14:34:10.576,52818,26,25.41,26410,52,52.08,0,0,0,0,0,1,1,1,1,1
14:34:10.627,52820,25,25.41,26411,52,52.08,0,0,0,0,0,1,1,1,1,1
14:34:10.678,52822,24,25.41,26412,51,52.08,0,0,0,0,0,1,1,1,1,1
14:34:10.729,52824,26,25.41,26413,53,52.08,0,0,0,0,0,1,1,1,1,1
14:34:10.830,52826,26,25.41,26414,52,52.08,0,0,0,0,0,1,1,1,1,1
14:34:10.831,52828,25,25.41,26415,52,52.08,0,0,0,0,0,1,1,1,1,1
14:34:10.881,52830,25,25.41,26416,52,52.08,0,0,0,0,0,1,1,1,1,1
14:34:10.932,52832,26,25.41,26417,53,52.08,0,0,0,0,0,1,1,1,1,1
14:34:10.983,52834,26,25.41,26418,52,52.08,0,0,0,0,0,1,1,1,1,1
14:34:11.085,52836,25,25.41,26419,51,52.08,0,0,0,0,0,1,1,1,1,1
14:34:11.085,52838,25,25.41,26420,52,52.08,0,0,0,0,0,1,1,1,1,1
14:34:11.137,52840,25,25.41,26421,52,52.08,0,0,0,0,0,1,1,1,1,1
14:34:11.187,52842,26,25.41,26422,53,52.08,0,0,0,0,0,1,1,1,1,1
14:34:11.289,52844,26,25.41,26423,52,52.08,0,0,0,0,0,1,1,1,1,1
14:34:11.290,52846,25,25.41,26424,52,52.08,0,0,0,0,0,1,1,1,1,1
14:34:11.392,52848,25,25.41,26425,52,52.08,0,0,0,0,0,1,1,1,1,1
14:34:11.392,52850,25,25.41,26426,52,52.08,0,0,0,0,0,1,1,1,1,1
14:34:11.494,52852,26,25.41,26427,52,52.08,0,0,0,0,0,1,1,1,1,1
14:34:11.494,52854,26,25.41,26428,52,52.08,0,0,0,0,0,1,1,1,1,1
14:34:11.596,52856,25,25.41,26429,52,52.08,0,0,0,0,0,1,1,1,1,1
14:34:11.647,52858,25,25.41,26430,52,52.08,0,0,0,0,0,1,1,1,1,1
14:34:11.698,52860,26,25.41,26431,53,52.08,0,0,0,0,0,1,1,1,1,1
14:34:11.749,52862,26,25.41,26432,52,52.08,0,0,0,0,0,1,1,1,1,1
14:34:11.800,52864,24,25.41,26433,51,52.08,0,0,0,0,0,1,1,1,1,1
14:34:11.852,52866,25,25.41,26434,52,52.08,0,0,0,0,0,1,1,1,1,1
14:34:11.903,52868,26,25.41,26435,53,52.08,0,0,0,0,0,1,1,1,1,1
14:34:11.954,52870,26,25.41,26436,52,52.08,0,0,0,0,0,1,1,1,1,1
14:34:12.005,52872,26,25.41,26437,52,52.08,0,0,0,0,0,1,1,1,1,1
14:34:12.057,52874,25,25.41,26438,52,52.08,0,0,0,0,0,1,1,1,1,1
14:34:12.108,52876,25,25.41,26439,52,52.08,0,0,0,0,0,1,1,1,1,1
14:34:12.159,52878,25,25.41,26440,52,52.08,0,0,0,0,0,1,1,1,1,1
14:34:12.210,52880,26,25.41,26441,52,52.08,0,0,0,0,0,1,1,1,1,1
14:34:12.260,52882,26,25.41,26442,52,52.08,0,0,0,0,0,1,1,1,1,1
14:34:12.312,52884,25,25.41,26443,52,52.08,0,0,0,0,0,1,1,1,1,1
14:34:12.362,52886,26,25.41,26444,53,52.08,0,0,0,0,0,1,1,1,1,1
14:34:12.413,52888,26,25.41,26445,52,52.08,0,0,0,0,0,1,1,1,1,1
14:34:12.465,52890,26,25.42,26446,52,52.08,0,0,0,0,0,1,1,1,1,1
14:34:12.516,52892,24,25.41,26447,51,52.08,0,0,0,0,0,1,1,1,1,1
14:34:12.567,52894,24,25.41,26448,52,52.08,0,0,0,0,0,1,1,1,1,1
14:34:12.617,52896,26,25.41,26449,53,52.08,0,0,0,0,0,1,1,1,1,1
14:34:12.668,52898,26,25.41,26450,52,52.08,0,0,0,0,0,1,1,1,1,1
14:34:12.719,52900,26,25.41,26451,52,52.08,0,0,0,0,0,1,1,1,1,1
14:34:12.770,52902,25,25.41,26452,52,52.08,0,0,0,0,0,1,1,1,1,1
14:34:12.821,52904,26,25.41,26453,53,52.08,0,0,0,0,0,1,1,1,1,1
14:34:12.922,52906,26,25.42,26454,52,52.08,0,0,0,0,0,1,1,1,1,1
14:34:12.923,52908,25,25.41,26455,51,52.08,0,0,0,0,0,1,1,1,1,1
14:34:12.974,52910,25,25.41,26456,52,52.08,0,0,0,0,0,1,1,1,1,1
14:34:13.025,52912,25,25.41,26457,52,52.08,0,0,0,0,0,1,1,1,1,1
14:34:13.075,52914,26,25.41,26458,53,52.08,0,0,0,0,0,1,1,1,1,1
14:34:13.126,52916,26,25.42,26459,52,52.08,0,0,0,0,0,1,1,1,1,1
14:34:13.178,52918,26,25.42,26460,52,52.08,0,0,0,0,0,1,1,1,1,1
14:34:13.229,52920,25,25.42,26461,52,52.08,0,0,0,0,0,1,1,1,1,1
14:34:13.280,52922,24,25.41,26462,51,52.08,0,0,0,0,0,1,1,1,1,1
14:34:13.331,52924,26,25.41,26463,53,52.08,0,0,0,0,0,1,1,1,1,1
14:34:13.382,52926,26,25.42,26464,52,52.08,0,0,0,0,0,1,1,1,1,1
14:34:13.484,52928,25,25.41,26465,52,52.08,0,0,0,0,0,1,1,1,1,1
14:34:13.484,52930,25,25.41,26466,52,52.08,0,0,0,0,0,1,1,1,1,1
14:34:13.535,52932,26,25.41,26467,53,52.08,0,0,0,0,0,1,1,1,1,1
14:34:13.586,52934,26,25.42,26468,52,52.08,0,0,0,0,0,1,1,1,1,1
14:34:13.688,52936,25,25.41,26469,51,52.08,0,0,0,0,0,1,1,1,1,1
14:34:13.689,52938,25,25.41,26470,52,52.08,0,0,0,0,0,1,1,1,1,1
14:34:13.790,52940,25,25.41,26471,52,52.08,0,0,0,0,0,1,1,1,1,1
14:34:13.790,52942,26,25.41,26472,53,52.08,0,0,0,0,0,1,1,1,1,1
14:34:13.891,52944,26,25.42,26473,52,52.08,0,0,0,0,0,1,1,1,1,1
14:34:13.943,52946,25,25.41,26474,52,52.08,0,0,0,0,0,1,1,1,1,1
14:34:13.994,52948,25,25.41,26475,52,52.08,0,0,0,0,0,1,1,1,1,1
14:34:14.045,52950,25,25.41,26476,52,52.08,0,0,0,0,0,1,1,1,1,1
14:34:14.096,52952,25,25.41,26477,52,52.08,0,0,0,0,0,1,1,1,1,1
14:34:14.147,52954,26,25.41,26478,52,52.08,0,0,0,0,0,1,1,1,1,1
14:34:14.198,52956,25,25.41,26479,52,52.08,0,0,0,0,0,1,1,1,1,1
14:34:14.249,52958,25,25.41,26480,52,52.08,0,0,0,0,0,1,1,1,1,1
14:34:14.300,52960,26,25.41,26481,53,52.08,0,0,0,0,0,1,1,1,1,1
14:34:14.351,52962,26,25.41,26482,52,52.08,0,0,0,0,0,1,1,1,1,1
14:34:14.402,52964,24,25.41,26483,51,52.08,0,0,0,0,0,1,1,1,1,1
14:34:14.454,52966,24,25.41,26484,52,52.08,0,0,0,0,0,1,1,1,1,1
14:34:14.505,52968,26,25.41,26485,53,52.08,0,0,0,0,0,1,1,1,1,1
14:34:14.556,52970,26,25.41,26486,52,52.08,0,0,0,0,0,1,1,1,1,1
14:34:14.608,52972,26,25.41,26487,52,52.08,0,0,0,0,0,1,1,1,1,1
14:34:14.659,52974,25,25.41,26488,52,52.08,0,0,0,0,0,1,1,1,1,1
14:34:14.710,52976,25,25.41,26489,52,52.08,0,0,0,0,0,1,1,1,1,1
14:34:14.761,52978,26,25.41,26490,53,52.08,0,0,0,0,0,1,1,1,1,1
14:34:14.811,52980,25,25.41,26491,51,52.08,0,0,0,0,0,1,1,1,1,1
14:34:14.863,52982,25,25.41,26492,52,52.08,0,0,0,0,0,1,1,1,1,1
14:34:14.914,52984,25,25.41,26493,52,52.08,0,0,0,0,0,1,1,1,1,1
14:34:14.964,52986,26,25.41,26494,53,52.08,0,0,0,0,0,1,1,1,1,1
14:34:15.015,52988,26,25.41,26495,52,52.08,0,0,0,0,0,1,1,1,1,1
14:34:15.066,52990,26,25.41,26496,52,52.08,0,0,0,0,0,1,1,1,1,1
14:34:15.117,52992,25,25.41,26497,52,52.08,0,0,0,0,0,1,1,1,1,1
14:34:15.168,52994,24,25.41,26498,51,52.08,0,0,0,0,0,1,1,1,1,1
14:34:15.220,52996,26,25.41,26499,53,52.08,0,0,0,0,0,1,1,1,1,1
14:34:15.271,52998,26,25.41,26500,52,52.08,0,0,0,0,0,1,1,1,1,1
14:34:15.322,53000,26,25.41,26501,52,52.08,0,0,0,0,0,1,1,1,1,1
14:34:15.373,53002,25,25.41,26502,52,52.08,0,0,0,0,0,1,1,1,1,1
14:34:15.424,53004,26,25.41,26503,53,52.08,0,0,0,0,0,1,1,1,1,1
14:34:15.474,53006,26,25.41,26504,52,52.08,0,0,0,0,0,1,1,1,1,1
14:34:15.525,53008,25,25.41,26505,51,52.08,0,0,0,0,0,1,1,1,1,1
14:34:15.576,53010,25,25.41,26506,52,52.08,0,0,0,0,0,1,1,1,1,1
14:34:15.627,53012,25,25.41,26507,52,52.08,0,0,0,0,0,1,1,1,1,1
14:34:15.729,53014,26,25.41,26508,53,52.08,0,0,0,0,0,1,1,1,1,1
14:34:15.780,53016,26,25.41,26509,52,52.08,0,0,0,0,0,1,1,1,1,1
14:34:15.780,53018,26,25.41,26510,52,52.08,0,0,0,0,0,1,1,1,1,1
14:34:15.831,53020,25,25.41,26511,52,52.08,0,0,0,0,0,1,1,1,1,1
14:34:15.933,53022,25,25.41,26512,52,52.08,0,0,0,0,0,1,1,1,1,1
14:34:15.934,53024,25,25.41,26513,52,52.08,0,0,0,0,0,1,1,1,1,1
14:34:15.985,53026,26,25.41,26514,52,52.08,0,0,0,0,0,1,1,1,1,1
14:34:16.086,53028,25,25.41,26515,52,52.08,0,0,0,0,0,1,1,1,1,1
14:34:16.086,53030,25,25.41,26516,52,52.08,0,0,0,0,0,1,1,1,1,1
14:34:16.188,53032,26,25.41,26517,53,52.08,0,0,0,0,0,1,1,1,1,1
14:34:16.238,53034,26,25.41,26518,52,52.08,0,0,0,0,0,1,1,1,1,1
14:34:16.290,53036,25,25.41,26519,51,52.08,0,0,0,0,0,1,1,1,1,1
14:34:16.341,53038,24,25.41,26520,52,52.08,0,0,0,0,0,1,1,1,1,1
14:34:16.392,53040,26,25.41,26521,53,52.08,0,0,0,0,0,1,1,1,1,1
14:34:16.442,53042,26,25.41,26522,52,52.08,0,0,0,0,0,1,1,1,1,1
14:34:16.493,53044,26,25.41,26523,52,52.08,0,0,0,0,0,1,1,1,1,1
14:34:16.544,53046,25,25.41,26524,52,52.08,0,0,0,0,0,1,1,1,1,1
14:34:16.595,53048,25,25.41,26525,52,52.08,0,0,0,0,0,1,1,1,1,1
14:34:16.646,53050,26,25.41,26526,53,52.08,0,0,0,0,0,1,1,1,1,1
14:34:16.697,53052,25,25.41,26527,51,52.08,0,0,0,0,0,1,1,1,1,1
14:34:16.748,53054,26,25.41,26528,52,52.08,0,0,0,0,0,1,1,1,1,1
14:34:16.799,53056,25,25.41,26529,52,52.08,0,0,0,0,0,1,1,1,1,1
14:34:16.849,53058,25,25.41,26530,52,52.08,0,0,0,0,0,1,1,1,1,1
14:34:16.901,53060,26,25.41,26531,53,52.08,0,0,0,0,0,1,1,1,1,1
14:34:16.952,53062,26,25.41,26532,52,52.08,0,0,0,0,0,1,1,1,1,1
14:34:17.003,53064,25,25.41,26533,52,52.08,0,0,0,0,0,1,1,1,1,1
14:34:17.054,53066,24,25.41,26534,51,52.08,0,0,0,0,0,1,1,1,1,1
14:34:17.105,53068,26,25.41,26535,53,52.08,0,0,0,0,0,1,1,1,1,1
14:34:17.156,53070,26,25.41,26536,52,52.08,0,0,0,0,0,1,1,1,1,1
14:34:17.207,53072,26,25.41,26537,52,52.08,0,0,0,0,0,1,1,1,1,1
14:34:17.258,53074,25,25.41,26538,52,52.08,0,0,0,0,0,1,1,1,1,1
14:34:17.310,53076,25,25.41,26539,52,52.08,0,0,0,0,0,1,1,1,1,1
14:34:17.361,53078,26,25.41,26540,53,52.08,0,0,0,0,0,1,1,1,1,1
14:34:17.411,53080,25,25.41,26541,51,52.08,0,0,0,0,0,1,1,1,1,1
14:34:17.463,53082,24,25.41,26542,52,52.08,0,0,0,0,0,1,1,1,1,1
14:34:17.514,53084,25,25.41,26543,52,52.08,0,0,0,0,0,1,1,1,1,1
14:34:17.565,53086,26,25.41,26544,53,52.08,0,0,0,0,0,1,1,1,1,1
14:34:17.616,53088,26,25.41,26545,52,52.08,0,0,0,0,0,1,1,1,1,1
14:34:17.667,53090,26,25.41,26546,52,52.08,0,0,0,0,0,1,1,1,1,1
14:34:17.717,53092,25,25.41,26547,52,52.08,0,0,0,0,0,1,1,1,1,1
14:34:17.768,53094,25,25.41,26548,52,52.08,0,0,0,0,0,1,1,1,1,1
14:34:17.870,53096,25,25.41,26549,52,52.08,0,0,0,0,0,1,1,1,1,1
14:34:17.870,53098,26,25.41,26550,52,52.08,0,0,0,0,0,1,1,1,1,1
14:34:17.921,53100,25,25.41,26551,52,52.08,0,0,0,0,0,1,1,1,1,1
14:34:18.023,53102,25,25.41,26552,52,52.08,0,0,0,0,0,1,1,1,1,1
14:34:18.023,53104,26,25.41,26553,53,52.08,0,0,0,0,0,1,1,1,1,1
14:34:18.074,53106,26,25.41,26554,52,52.08,0,0,0,0,0,1,1,1,1,1
14:34:18.126,53108,26,25.41,26555,52,52.08,0,0,0,0,0,1,1,1,1,1
14:34:18.177,53110,24,25.41,26556,51,52.08,0,0,0,0,0,1,1,1,1,1
14:34:18.279,53112,25,25.41,26557,52,52.08,0,0,0,0,0,1,1,1,1,1
14:34:18.279,53114,26,25.41,26558,53,52.08,0,0,0,0,0,1,1,1,1,1
14:34:18.381,53116,26,25.41,26559,52,52.08,0,0,0,0,0,1,1,1,1,1
14:34:18.381,53118,25,25.41,26560,52,52.08,0,0,0,0,0,1,1,1,1,1
14:34:18.482,53120,25,25.41,26561,52,52.08,0,0,0,0,0,1,1,1,1,1
14:34:18.533,53122,26,25.41,26562,53,52.08,0,0,0,0,0,1,1,1,1,1
14:34:18.585,53124,25,25.41,26563,51,52.08,0,0,0,0,0,1,1,1,1,1
14:34:18.636,53126,26,25.41,26564,52,52.08,0,0,0,0,0,1,1,1,1,1
14:34:18.687,53128,25,25.41,26565,52,52.08,0,0,0,0,0,1,1,1,1,1
14:34:18.738,53130,25,25.41,26566,52,52.08,0,0,0,0,0,1,1,1,1,1
14:34:18.739,53132,26,25.41,26567,53,52.08,0,0,0,0,0,1,1,1,1,1
14:34:18.840,53134,26,25.41,26568,52,52.08,0,0,0,0,0,1,1,1,1,1
14:34:18.891,53136,25,25.41,26569,52,52.08,0,0,0,0,0,1,1,1,1,1
14:34:18.942,53138,24,25.41,26570,51,52.08,0,0,0,0,0,1,1,1,1,1
14:34:18.993,53140,26,25.41,26571,53,52.08,0,0,0,0,0,1,1,1,1,1
14:34:19.044,53142,26,25.41,26572,52,52.08,0,0,0,0,0,1,1,1,1,1
14:34:19.095,53144,26,25.41,26573,52,52.08,0,0,0,0,0,1,1,1,1,1
14:34:19.146,53146,25,25.41,26574,52,52.08,0,0,0,0,0,1,1,1,1,1
14:34:19.197,53148,25,25.41,26575,52,52.08,0,0,0,0,0,1,1,1,1,1
14:34:19.247,53150,26,25.41,26576,53,52.08,0,0,0,0,0,1,1,1,1,1
14:34:19.298,53152,25,25.41,26577,51,52.08,1,0,0,0,0,1,1,1,1,1
14:34:19.350,53154,26,25.41,26578,52,52.08,1,0,0,0,0,1,1,1,1,1
14:34:19.401,53156,25,25.41,26579,52,52.08,1,0,0,0,0,1,1,1,1,1
14:34:19.452,53158,26,25.41,26580,53,52.08,1,0,0,0,0,1,1,1,1,1
14:34:19.503,53160,26,25.41,26581,52,52.08,1,0,0,0,0,1,1,1,1,1
14:34:19.553,53162,26,25.42,26582,52,52.08,0,0,0,0,0,1,1,1,1,1
14:34:19.604,53164,25,25.41,26583,52,52.08,0,0,0,0,0,1,1,1,1,1
14:34:19.655,53166,24,25.41,26584,51,52.08,0,0,0,0,0,1,1,1,1,1
14:34:19.706,53168,25,25.41,26585,53,52.08,1,0,0,0,0,1,1,1,1,1
14:34:19.757,53170,26,25.41,26586,52,52.08,1,0,0,0,0,1,1,1,1,1
14:34:19.808,53172,26,25.41,26587,52,52.08,1,0,0,0,0,1,1,1,1,1
14:34:19.859,53174,25,25.41,26588,52,52.08,1,0,1,0,0,1,1,1,1,1
14:34:19.910,53176,26,25.41,26589,53,52.08,0,0,1,0,0,1,1,1,1,1
14:34:19.961,53178,26,25.41,26590,52,52.08,0,0,1,0,0,1,1,1,1,1
14:34:20.012,53180,25,25.41,26591,51,52.08,0,1,0,0,0,1,1,1,1,1
14:34:20.063,53182,24,25.41,26592,52,52.08,0,0,0,0,0,1,1,1,1,1
14:34:20.114,53184,25,25.41,26593,52,52.08,0,0,0,0,0,1,1,1,1,1
14:34:20.165,53186,26,25.41,26594,53,52.08,0,0,0,0,0,1,1,1,1,1
14:34:20.216,53188,26,25.41,26595,52,52.08,0,0,0,0,0,1,1,1,1,1
14:34:20.267,53190,26,25.41,26596,52,52.08,0,0,0,0,0,1,1,1,1,1
14:34:20.318,53192,25,25.41,26597,52,52.08,0,0,0,0,0,1,1,1,1,1
14:34:20.369,53194,26,25.41,26598,53,52.08,0,0,0,0,0,1,1,1,1,1
14:34:20.420,53196,25,25.41,26599,51,52.08,0,0,0,0,0,1,1,1,1,1
14:34:20.471,53198,26,25.41,26600,52,52.08,0,0,0,0,0,1,1,1,1,1
14:34:20.573,53200,25,25.41,26601,52,52.08,1,0,0,0,0,1,1,1,1,1
14:34:20.573,53202,25,25.41,26602,52,52.08,1,0,0,0,0,1,1,1,1,1
14:34:20.675,53204,26,25.41,26603,53,52.08,1,0,0,0,0,1,1,1,1,1
14:34:20.675,53206,26,25.41,26604,52,52.08,1,0,0,0,0,1,1,1,1,1
14:34:20.776,53208,26,25.42,26605,52,52.08,1,0,1,0,0,1,1,1,1,1
14:34:20.827,53210,24,25.41,26606,51,52.08,1,0,1,0,0,1,1,1,1,1
14:34:20.877,53212,25,25.41,26607,52,52.08,1,0,0,0,0,1,1,1,1,1
14:34:20.929,53214,26,25.41,26608,53,52.08,0,0,0,0,0,1,1,1,1,1
14:34:20.980,53216,26,25.41,26609,52,52.08,0,0,0,0,0,1,1,1,1,1
14:34:21.031,53218,25,25.41,26610,52,52.08,0,0,1,0,0,1,1,1,1,1
14:34:21.082,53220,25,25.41,26611,52,52.08,0,0,1,0,0,1,1,1,1,1
14:34:21.133,53222,26,25.41,26612,53,52.08,0,0,0,0,0,1,1,1,1,1
14:34:21.183,53224,25,25.41,26613,51,52.08,0,0,1,0,0,1,1,1,1,1
14:34:21.234,53226,25,25.41,26614,52,52.08,0,0,1,0,0,1,1,1,1,1
14:34:21.286,53228,25,25.41,26615,52,52.08,1,0,0,0,0,1,1,1,1,1
14:34:21.337,53230,25,25.41,26616,52,52.08,1,0,0,0,0,1,1,1,1,1
14:34:21.388,53232,26,25.41,26617,53,52.08,1,0,0,0,0,1,1,1,1,1
14:34:21.439,53234,26,25.41,26618,52,52.08,1,0,0,0,0,1,1,1,1,1
14:34:21.491,53236,25,25.41,26619,52,52.08,0,0,0,0,0,1,1,1,1,1
14:34:21.542,53238,25,25.41,26620,52,52.08,0,0,0,0,0,1,1,1,1,1
14:34:21.593,53240,25,25.41,26621,52,52.08,0,0,0,0,0,1,1,1,1,1
14:34:21.644,53242,26,25.41,26622,52,52.08,1,0,0,0,0,1,1,1,1,1
14:34:21.695,53244,26,25.41,26623,52,52.08,0,0,0,0,0,1,1,1,1,1
14:34:21.746,53246,25,25.41,26624,52,52.08,0,0,0,0,0,1,1,1,1,1
14:34:21.798,53248,25,25.41,26625,52,52.08,0,0,0,0,0,1,1,1,1,1
14:34:21.849,53250,26,25.41,26626,53,52.08,0,0,0,0,0,1,1,1,1,1
14:34:21.900,53252,26,25.41,26627,52,52.08,0,0,0,0,0,1,1,1,1,1
14:34:21.950,53254,24,25.41,26628,51,52.08,0,0,0,0,0,1,1,1,1,1
14:34:22.001,53256,25,25.41,26629,52,52.08,0,0,0,0,0,1,1,1,1,1
14:34:22.052,53258,26,25.41,26630,53,52.08,0,0,0,0,0,1,1,1,1,1
14:34:22.103,53260,26,25.41,26631,52,52.08,0,0,0,0,0,1,1,1,1,1
14:34:22.154,53262,26,25.41,26632,52,52.08,0,0,0,0,0,1,1,1,1,1
14:34:22.206,53264,25,25.41,26633,52,52.08,0,0,0,0,0,1,1,1,1,1
14:34:22.257,53266,25,25.41,26634,52,52.08,0,0,0,0,0,1,1,1,1,1
14:34:22.308,53268,25,25.41,26635,52,52.08,0,0,0,0,0,1,1,1,1,1
14:34:22.360,53270,26,25.41,26636,52,52.08,1,0,0,0,0,1,1,1,1,1
14:34:22.411,53272,25,25.41,26637,52,52.08,1,0,0,0,0,1,1,1,1,1
14:34:22.462,53274,25,25.41,26638,52,52.08,1,0,0,0,0,1,1,1,1,1
14:34:22.513,53276,26,25.41,26639,53,52.08,1,0,0,0,0,1,1,1,1,1
14:34:22.564,53278,26,25.41,26640,52,52.08,1,0,1,0,0,1,1,1,1,1
14:34:22.615,53280,26,25.41,26641,52,52.08,1,0,1,0,0,1,1,1,1,1
14:34:22.717,53282,24,25.41,26642,51,52.08,1,0,1,0,0,1,1,1,1,1
14:34:22.717,53284,24,25.41,26643,52,52.08,1,0,1,0,0,1,1,1,1,1
14:34:22.768,53286,26,25.41,26644,53,52.08,1,0,1,0,0,1,1,1,1,1
14:34:22.870,53288,26,25.41,26645,52,52.08,1,0,1,0,0,1,1,1,1,1
14:34:22.871,53290,26,25.41,26646,52,52.08,1,0,1,0,0,1,1,1,1,1
14:34:22.922,53292,25,25.41,26647,52,52.08,1,0,1,0,0,1,1,1,1,1
14:34:22.973,53294,26,25.41,26648,53,52.08,1,0,1,0,0,1,1,1,1,1
14:34:23.024,53296,26,25.41,26649,52,52.08,1,0,1,0,0,1,1,1,1,1
14:34:23.075,53298,25,25.41,26650,51,52.08,1,0,1,0,0,1,1,1,1,1
14:34:23.126,53300,25,25.41,26651,52,52.08,1,0,1,0,0,1,1,1,1,1
14:34:23.228,53302,25,25.41,26652,52,52.08,1,0,1,0,0,1,1,1,1,1
14:34:23.228,53304,26,25.41,26653,53,52.08,1,0,1,0,0,1,1,1,1,1
14:34:23.330,53306,26,25.41,26654,52,52.08,1,0,1,0,0,1,1,1,1,1
14:34:23.330,53308,26,25.41,26655,52,52.08,1,0,1,0,0,1,1,1,1,1
14:34:23.432,53310,25,25.41,26656,52,52.08,1,0,1,0,0,1,1,1,1,1
14:34:23.483,53312,25,25.41,26657,52,52.08,1,0,1,0,0,1,1,1,1,1
14:34:23.534,53314,26,25.41,26658,52,52.08,1,0,1,0,0,1,1,1,1,1
14:34:23.585,53316,26,25.42,26659,52,52.08,1,0,1,0,0,1,1,1,1,1
14:34:23.636,53318,25,25.41,26660,52,52.08,1,0,0,0,0,1,1,1,1,1
14:34:23.687,53320,25,25.41,26661,52,52.08,1,0,0,0,0,1,1,1,1,1
14:34:23.738,53322,26,25.41,26662,53,52.08,1,0,0,0,0,1,1,1,1,1
14:34:23.789,53324,26,25.42,26663,52,52.08,1,0,0,0,0,1,1,1,1,1
14:34:23.840,53326,25,25.42,26664,51,52.08,1,0,0,0,0,1,1,1,1,1
14:34:23.892,53328,25,25.41,26665,52,52.08,1,0,0,0,0,1,1,1,1,1
14:34:23.943,53330,26,25.42,26666,53,52.08,1,0,0,0,0,1,1,1,1,1
14:34:23.994,53332,26,25.42,26667,52,52.08,1,0,0,0,0,1,1,1,1,1
14:34:24.045,53334,26,25.42,26668,52,52.08,1,0,0,0,0,1,1,1,1,1
14:34:24.096,53336,25,25.42,26669,52,52.08,1,0,0,0,0,1,1,1,1,1
14:34:24.147,53338,25,25.42,26670,52,52.08,1,0,0,0,0,1,1,1,1,1
14:34:24.198,53340,25,25.42,26671,52,52.08,0,0,0,0,0,1,1,1,1,1
14:34:24.249,53342,26,25.42,26672,52,52.08,0,0,0,0,0,1,1,1,1,1
14:34:24.300,53344,26,25.42,26673,52,52.08,0,0,0,0,0,1,1,1,1,1
14:34:24.351,53346,25,25.42,26674,52,52.08,0,0,0,0,0,1,1,1,1,1
14:34:24.402,53348,25,25.42,26675,52,52.08,0,0,0,0,0,1,1,1,1,1
14:34:24.453,53350,26,25.42,26676,53,52.08,0,0,0,0,0,1,1,1,1,1
14:34:24.505,53352,26,25.42,26677,52,52.08,1,0,0,0,0,1,1,1,1,1
14:34:24.556,53354,24,25.42,26678,51,52.08,1,0,0,0,0,1,1,1,1,1
14:34:24.606,53356,25,25.41,26679,52,52.08,1,0,0,0,0,1,1,1,1,1
14:34:24.657,53358,26,25.42,26680,53,52.08,0,0,0,0,0,1,1,1,1,1
14:34:24.708,53360,26,25.42,26681,52,52.08,0,0,0,0,0,1,1,1,1,1
14:34:24.759,53362,26,25.42,26682,52,52.08,0,0,0,0,0,1,1,1,1,1
14:34:24.810,53364,25,25.42,26683,52,52.08,0,0,0,0,0,1,1,1,1,1
14:34:24.861,53366,25,25.42,26684,52,52.08,0,0,0,0,0,1,1,1,1,1
14:34:24.963,53368,25,25.42,26685,52,52.08,0,0,0,0,0,1,1,1,1,1
14:34:24.964,53370,25,25.41,26686,52,52.08,0,0,0,0,0,1,1,1,1,1
14:34:25.015,53372,25,25.41,26687,52,52.08,0,0,0,0,0,1,1,1,1,1
14:34:25.066,53374,25,25.41,26688,52,52.08,0,0,0,0,0,1,1,1,1,1
14:34:25.117,53376,26,25.41,26689,53,52.08,0,0,0,0,0,1,1,1,1,1
14:34:25.168,53378,26,25.42,26690,52,52.08,0,0,0,0,0,1,1,1,1,1
14:34:25.219,53380,26,25.42,26691,52,52.08,0,0,0,0,0,1,1,1,1,1
14:34:25.270,53382,25,25.42,26692,52,52.08,0,0,0,0,0,1,1,1,1,1
14:34:25.321,53384,24,25.41,26693,51,52.08,0,0,0,0,0,1,1,1,1,1
14:34:25.372,53386,26,25.41,26694,53,52.08,0,0,0,0,0,1,1,1,1,1
14:34:25.423,53388,26,25.42,26695,52,52.08,0,0,0,0,0,1,1,1,1,1
14:34:25.475,53390,25,25.41,26696,52,52.08,0,0,0,0,0,1,1,1,1,1
14:34:25.576,53392,25,25.41,26697,52,52.08,0,0,0,0,0,1,1,1,1,1
14:34:25.627,53394,26,25.41,26698,53,52.08,0,0,0,0,0,1,1,1,1,1
14:34:25.628,53396,26,25.42,26699,52,52.08,0,1,0,0,0,1,1,1,1,1
14:34:25.729,53398,25,25.42,26700,51,52.08,0,1,0,0,0,1,1,1,1,1
14:34:25.780,53400,25,25.41,26701,52,52.08,0,1,0,0,0,1,1,1,1,1
14:34:25.830,53402,25,25.41,26702,52,52.08,0,1,0,0,0,1,1,1,1,1
14:34:25.881,53404,26,25.41,26703,53,52.08,0,1,0,0,0,1,1,1,1,1
14:34:25.932,53406,26,25.42,26704,52,52.08,0,1,0,0,0,1,1,1,1,1
14:34:25.984,53408,25,25.42,26705,52,52.08,0,1,0,0,0,1,1,1,1,1
14:34:26.034,53410,25,25.41,26706,52,52.08,0,1,0,0,0,1,1,1,1,1
14:34:26.085,53412,25,25.41,26707,52,52.08,0,1,0,0,0,1,1,1,1,1
14:34:26.136,53414,26,25.41,26708,52,52.08,0,1,0,0,0,1,1,1,1,1
14:34:26.188,53416,26,25.42,26709,52,52.08,0,1,0,0,0,1,1,1,1,1
14:34:26.239,53418,25,25.41,26710,52,52.08,0,1,0,0,0,1,1,1,1,1
14:34:26.290,53420,25,25.41,26711,52,52.08,0,1,0,0,0,1,1,1,1,1
14:34:26.341,53422,26,25.42,26712,53,52.08,0,1,0,0,0,1,1,1,1,1
14:34:26.392,53424,26,25.42,26713,52,52.08,0,1,0,0,0,1,1,1,1,1
14:34:26.443,53426,24,25.41,26714,51,52.08,0,1,0,0,0,1,1,1,1,1
14:34:26.494,53428,25,25.41,26715,52,52.08,0,1,0,0,0,1,1,1,1,1
14:34:26.544,53430,26,25.41,26716,53,52.08,0,1,0,0,0,1,1,1,1,1
14:34:26.595,53432,26,25.42,26717,52,52.08,0,1,0,0,0,1,1,1,1,1
14:34:26.647,53434,26,25.42,26718,52,52.08,0,1,0,0,0,1,1,1,1,1
14:34:26.698,53436,25,25.42,26719,52,52.08,0,1,0,0,0,1,1,1,1,1
14:34:26.749,53438,25,25.41,26720,52,52.08,0,1,0,0,0,1,1,1,1,1
14:34:26.800,53440,25,25.41,26721,52,52.08,0,1,0,0,0,1,1,1,1,1
14:34:26.850,53442,26,25.42,26722,52,52.08,0,1,0,0,0,1,1,1,1,1
14:34:26.901,53444,26,25.42,26723,52,52.08,0,1,0,0,0,1,1,1,1,1
14:34:26.952,53446,25,25.42,26724,52,52.08,0,1,0,0,0,1,1,1,1,1
14:34:27.003,53448,26,25.42,26725,53,52.08,0,1,0,0,0,1,1,1,1,1
14:34:27.054,53450,26,25.42,26726,52,52.08,0,1,0,0,0,1,1,1,1,1
14:34:27.105,53452,26,25.42,26727,52,52.08,0,1,0,0,0,1,1,1,1,1
14:34:27.156,53454,24,25.42,26728,51,52.08,0,1,0,0,0,1,1,1,1,1
14:34:27.207,53456,24,25.41,26729,52,52.08,0,1,0,0,0,1,1,1,1,1
14:34:27.258,53458,26,25.41,26730,53,52.08,0,1,0,0,0,1,1,1,1,1
14:34:27.309,53460,26,25.42,26731,52,52.08,0,1,0,0,0,1,1,1,1,1
14:34:27.360,53462,26,25.42,26732,52,52.08,0,0,0,0,0,1,1,1,1,1
14:34:27.411,53464,25,25.42,26733,52,52.08,0,0,0,0,0,1,1,1,1,1
14:34:27.513,53466,26,25.42,26734,53,52.08,0,0,0,0,0,1,1,1,1,1
14:34:27.513,53468,26,25.42,26735,52,52.08,0,0,0,0,0,1,1,1,1,1
14:34:27.564,53470,25,25.42,26736,51,52.08,0,0,0,0,0,1,1,1,1,1
14:34:27.615,53472,25,25.42,26737,52,52.08,0,0,0,0,0,1,1,1,1,1
14:34:27.666,53474,25,25.42,26738,52,52.08,0,0,0,0,0,1,1,1,1,1
14:34:27.717,53476,26,25.42,26739,53,52.08,0,0,0,0,0,1,1,1,1,1
14:34:27.818,53478,26,25.42,26740,52,52.08,0,0,0,0,0,1,1,1,1,1
14:34:27.819,53480,26,25.42,26741,52,52.08,0,0,0,0,0,1,1,1,1,1
14:34:27.920,53482,25,25.42,26742,52,52.08,0,0,0,0,0,1,1,1,1,1
14:34:27.921,53484,24,25.42,26743,51,52.08,0,0,0,0,0,1,1,1,1,1
14:34:28.022,53486,26,25.42,26744,53,52.08,0,0,0,0,0,1,1,1,1,1
14:34:28.073,53488,26,25.42,26745,52,52.08,0,0,0,0,0,1,1,1,1,1
14:34:28.124,53490,25,25.42,26746,52,52.08,0,0,0,0,0,1,1,1,1,1
14:34:28.174,53492,25,25.42,26747,52,52.08,0,0,0,0,0,1,1,1,1,1
14:34:28.228,53494,26,25.42,26748,53,52.08,0,0,0,0,0,1,1,1,1,1
14:34:28.279,53496,26,25.42,26749,52,52.08,0,0,0,0,0,1,1,1,1,1
14:34:28.330,53498,25,25.42,26750,51,52.08,0,0,0,0,0,1,1,1,1,1
14:34:28.381,53500,25,25.42,26751,52,52.08,0,0,0,0,0,1,1,1,1,1
14:34:28.432,53502,25,25.42,26752,52,52.08,0,0,0,0,0,1,1,1,1,1
14:34:28.483,53504,26,25.42,26753,53,52.08,0,0,0,0,0,1,1,1,1,1
14:34:28.534,53506,26,25.42,26754,52,52.08,0,0,0,0,0,1,1,1,1,1
14:34:28.585,53508,25,25.42,26755,52,52.08,0,0,0,0,0,1,1,1,1,1
14:34:28.636,53510,25,25.42,26756,52,52.08,0,0,0,0,0,1,1,1,1,1
14:34:28.687,53512,25,25.42,26757,52,52.08,0,0,0,0,0,1,1,1,1,1
14:34:28.738,53514,26,25.42,26758,52,52.08,0,0,0,0,0,1,1,1,1,1
14:34:28.789,53516,26,25.42,26759,52,52.08,0,0,0,0,0,1,1,1,1,1
14:34:28.840,53518,25,25.42,26760,52,52.08,0,0,0,0,0,1,1,1,1,1
14:34:28.892,53520,25,25.42,26761,52,52.08,0,0,0,0,0,1,1,1,1,1
14:34:28.942,53522,26,25.42,26762,53,52.08,0,0,0,0,0,1,1,1,1,1
14:34:28.993,53524,26,25.42,26763,52,52.08,0,0,0,0,0,1,1,1,1,1
14:34:29.044,53526,24,25.42,26764,51,52.08,0,0,0,0,0,1,1,1,1,1
14:34:29.095,53528,25,25.42,26765,52,52.08,0,0,0,0,0,1,1,1,1,1
14:34:29.146,53530,26,25.42,26766,53,52.08,0,0,0,0,0,1,1,1,1,1
14:34:29.197,53532,26,25.42,26767,52,52.08,0,0,0,0,0,1,1,1,1,1
14:34:29.249,53534,26,25.42,26768,52,52.08,0,0,0,0,0,1,1,1,1,1
14:34:29.299,53536,25,25.42,26769,52,52.08,0,0,0,0,0,1,1,1,1,1
14:34:29.350,53538,25,25.42,26770,52,52.08,0,0,0,0,0,1,1,1,1,1
14:34:29.401,53540,25,25.42,26771,52,52.08,0,0,0,0,0,1,1,1,1,1
14:34:29.452,53542,26,25.42,26772,52,52.08,0,0,0,0,0,1,1,1,1,1
14:34:29.503,53544,25,25.42,26773,52,52.08,0,0,0,0,0,1,1,1,1,1
14:34:29.554,53546,25,25.42,26774,52,52.08,0,0,0,0,0,1,1,1,1,1
14:34:29.605,53548,26,25.42,26775,53,52.08,0,0,0,0,0,1,1,1,1,1
14:34:29.657,53550,26,25.42,26776,52,52.08,0,0,0,0,0,1,1,1,1,1
14:34:29.708,53552,26,25.42,26777,52,52.08,0,0,0,0,0,1,1,1,1,1
14:34:29.809,53554,24,25.42,26778,51,52.08,0,0,0,0,0,1,1,1,1,1
14:34:29.809,53556,25,25.42,26779,52,52.08,0,0,0,0,0,1,1,1,1,1
14:34:29.910,53558,26,25.42,26780,53,52.08,0,0,0,0,0,1,1,1,1,1
14:34:29.911,53560,26,25.42,26781,52,52.08,0,0,0,0,0,1,1,1,1,1
14:34:29.962,53562,25,25.42,26782,52,52.08,0,0,0,0,0,1,1,1,1,1
14:34:30.013,53564,25,25.42,26783,52,52.08,0,0,0,0,0,1,1,1,1,1
14:34:30.115,53566,26,25.42,26784,53,52.08,0,0,0,0,0,1,1,1,1,1
14:34:30.116,53568,25,25.42,26785,51,52.08,0,0,0,0,0,1,1,1,1,1
